Workbook

Sheet Inputs
A1: Inputs
A2: Blue text on yellow = edit these. Everything else in the workbook recalculates from them.
A4: Parameter | B4: Symbol | C4: Value | D4: Unit | E4: Source / note
A5: Acceptance criterion for harm H | B5: A_H | C5: 1e-07 | D5: 1/h | E5: Example value from Lesson 1, Exercise 1 (not a MOTOR AI figure).
A6: Exposure: P(hazardous scenario | hazardous behaviour) | B6: P(E|HB) | C6: 0.1 | D6: - | E6: Example. Must be justified for your ODD and routing (Putze et al. 2023).
A7: Non-controllability: P(not controlled | E) | B7: P(C̄|E) | C7: 0.5 | D7: - | E7: Example. For L4, depends on fallback / minimal-risk manoeuvre.
A8: Severity: P(severity S reached | not controlled) | B8: P(S|C̄) | C8: 0.2 | D8: - | E8: Example. Correct conditioning is P(S|C̄,E,HB) (Putze et al. 2023).
A9: Confidence level | B9: C | C9: 0.95 | D9: - | E9: Frequentist confidence. In Betschinske et al. 2025, alpha = 1 - C.
A10: Hazardous behaviours allowed in the test plan | B10: k | C10: 0 | D10: events | E10: Must be fixed BEFORE testing; changing it after seeing data invalidates the test.
A11: Test fleet size | B11: N_fleet | C11: 50 | D11: vehicles | E11: Example.
A12: Operating hours per vehicle per year | B12: h_yr | C12: 3000 | D12: h/yr | E12: Example. 24/7 operation = 8766 h/yr.
A14: Legend: blue = input, black = formula, green = link to another sheet.

Sheet Validation Target
A1: Acceptance criterion → validation target
A2: ISO 21448 Annex C.2 decomposition + Poisson test (Lesson 1, Eq. 1–3)
A4: Quantity | B4: Symbol | C4: Value | D4: Unit | E4: Formula / equation
A5: Acceptance criterion | B5: A_H | C5: =Inputs!C5 -> 1e-07 | D5: 1/h | E5: Input
A6: Product of conditional factors | B6: P(E|HB)·P(C̄|E)·P(S|C̄) | C6: =Inputs!C6*Inputs!C7*Inputs!C8 -> 0.01 | D6: - | E6: Eq. 1 denominator
A7: Tolerable hazardous-behaviour rate | B7: R_HB | C7: =C5/C6 -> 1e-05 | D7: 1/h | E7: Eq. 1: R_HB = A_H / [P(E|HB)·P(C̄|E)·P(S|C̄)]
A8: Confidence | B8: C | C8: =Inputs!C9 -> 0.95 | D8: - | E8: Input
A9: Events allowed | B9: k | C9: =Inputs!C10 -> 0 | D9: events | E9: Input
A10: Poisson factor | B10: λ_k(C) | C10: =CHIINV(1-C8,2*(C9+1))/2 -> 2.9957323 | D10: - | E10: Eq. 3: λ_k(C) = ½·χ²_{2(k+1)}(C) (CHIINV takes the right-tail probability 1−C)
A11: Zero-failure shortcut (k=0) | B11: −ln(1−C) | C11: =-LN(1-C8) -> 2.9957323 | D11: - | E11: Eq. 2: equals λ_0(C); ≈ 3.00 at C=0.95 (rule of three)
A12: Required test exposure | B12: τ_k | C12: =C10/C7 -> 299573.23 | D12: h | E12: Eq. 3: τ_k = λ_k(C) / R_HB
A13: Fleet hours per year | B13: N_fleet·h_yr | C13: =Inputs!C11*Inputs!C12 -> 150000 | D13: h/yr | E13: Inputs
A14: Calendar time with this fleet | B14: τ_k / (N·h_yr) | C14: =C12/C13 -> 1.9971548 | D14: years
A15: Check: P(X ≤ k | λ_k) | B15: should equal 1−C | C15: =POISSON(C9,C10,TRUE()) -> 0.05 | D15: - | E15: Poisson CDF at the plan limit; must equal 1 − C
A16: Check: 1 − C | C16: =1-C8 -> 0.05 | D16: -
A17: Cost of allowing k events vs k=0 | B17: λ_k / λ_0 | C17: =C10/C11 -> 1 | D17: ×

Sheet Factor Table
A1: λ_k(C) = ½·χ²_{2(k+1)}(C)
A2: Exposure multiplier for plans allowing k events. τ_k = λ_k(C) / R_HB.
A4: C \ k | B4: 0 | C4: 1 | D4: 2 | E4: 3 | F4: 4 | G4: 5
A5: 0.9 | B5: =CHIINV(1-$A5,2*(B$4+1))/2 -> 2.3025851 | C5: =CHIINV(1-$A5,2*(C$4+1))/2 -> 3.8897202 | D5: =CHIINV(1-$A5,2*(D$4+1))/2 -> 5.3223203 | E5: =CHIINV(1-$A5,2*(E$4+1))/2 -> 6.6807831 | F5: =CHIINV(1-$A5,2*(F$4+1))/2 -> 7.9935896 | G5: =CHIINV(1-$A5,2*(G$4+1))/2 -> 9.2746739
A6: 0.95 | B6: =CHIINV(1-$A6,2*(B$4+1))/2 -> 2.9957323 | C6: =CHIINV(1-$A6,2*(C$4+1))/2 -> 4.7438645 | D6: =CHIINV(1-$A6,2*(D$4+1))/2 -> 6.2957936 | E6: =CHIINV(1-$A6,2*(E$4+1))/2 -> 7.7536565 | F6: =CHIINV(1-$A6,2*(F$4+1))/2 -> 9.153519 | G6: =CHIINV(1-$A6,2*(G$4+1))/2 -> 10.513035
A7: 0.99 | B7: =CHIINV(1-$A7,2*(B$4+1))/2 -> 4.6051702 | C7: =CHIINV(1-$A7,2*(C$4+1))/2 -> 6.6383521 | D7: =CHIINV(1-$A7,2*(D$4+1))/2 -> 8.4059469 | E7: =CHIINV(1-$A7,2*(E$4+1))/2 -> 10.045118 | F7: =CHIINV(1-$A7,2*(F$4+1))/2 -> 11.604626 | G7: =CHIINV(1-$A7,2*(G$4+1))/2 -> 13.108484
A9: Ratio vs k = 0
A10: =A5 -> 0.9 | B10: =B5/$B5 -> 1 | C10: =C5/$B5 -> 1.689284 | D10: =D5/$B5 -> 2.3114544 | E10: =E5/$B5 -> 2.9014272 | F10: =F5/$B5 -> 3.4715718 | G10: =G5/$B5 -> 4.0279397
A11: =A6 -> 0.95 | B11: =B6/$B6 -> 1 | C11: =C6/$B6 -> 1.5835409 | D11: =D6/$B6 -> 2.1015875 | E11: =E6/$B6 -> 2.5882341 | F11: =F6/$B6 -> 3.0555197 | G11: =G6/$B6 -> 3.5093373
A12: =A7 -> 0.99 | B12: =B7/$B7 -> 1 | C12: =C7/$B7 -> 1.4414998 | D12: =D7/$B7 -> 1.8253282 | E12: =E7/$B7 -> 2.1812696 | F12: =F7/$B7 -> 2.5199124 | G12: =G7/$B7 -> 2.8464711
A14: Price of confidence (k = 0)
A15: τ(0.99) / τ(0.95) | B15: =LN(1-0.99)/LN(1-0.95) -> 1.5372436
A16: τ(0.95) / τ(0.90) | B16: =LN(1-0.95)/LN(1-0.9) -> 1.30103

Sheet Benchmarks
A1: Benchmarks
A2: Kalra & Paddock (RAND RR-1478, 2016) and Schaller et al. (Discover AI 6:1172, 2026)
A4: Quantity | B4: Value | C4: Unit | D4: Formula / source
A5: RAND: US fatality rate (2013) | B5: 1.09e-08 | C5: 1/mile | D5: Kalra & Paddock 2016: 1.09 fatalities per 100 million miles (32,719 fatalities)
A6: Confidence | B6: 0.95 | C6: - | D6: Kalra & Paddock 2016
A7: Failure-free miles, exact | B7: =LN(1-B6)/LN(1-B5) -> 2.7483782e+08 | C7: miles | D7: n = ln(1−C)/ln(1−F) (RAND Eq. 2, R = 1−F)
A8: Failure-free miles, Poisson approx. | B8: =-LN(1-B6)/B5 -> 2.7483782e+08 | C8: miles | D8: n ≈ −ln(1−C)/F (Lesson 1, Eq. 2)
A9: Fleet: vehicles | B9: 100 | C9: vehicles | D9: RAND scenario
A10: Fleet: average speed | B10: 25 | C10: mph | D10: RAND scenario, 24/7 operation
A11: Years to drive the exact miles | B11: =B7/(B9*B10*24*365) -> 12.549672 | C11: years | D11: RAND: ≈ 12.5 years
A12: Schaller: example criterion | B12: 1e-09 | C12: 1/h | D12: Schaller et al. 2026 §5.1: overlooking a car on the other lane ≤ 1e-9 per hour
A13: Failure-free hours at C (B6) | B13: =-LN(1-B6)/B12 -> 2.9957323e+09 | C13: h | D13: τ = −ln(1−C)/R
A14: Hours per year, 24/7 | B14: 8766 | C14: h/yr | D14: 365.25 × 24
A15: Single-vehicle years | B15: =B13/B14 -> 341744.5 | C15: years
A16: Fleet size for comparison | B16: 10000 | C16: vehicles | D16: Illustrative
A17: Fleet years | B17: =B15/B16 -> 34.17445 | C17: years

Sheet Exercises
A1: Lesson 1 exercises — worked
A2: Independent of the Inputs sheet so the answers stay fixed.
A4: Item | B4: Value | C4: Unit | D4: Formula
A5: E1/E2: A_H | B5: 1e-07 | C5: 1/h | D5: Given
A6: P(E|HB) | B6: 0.1 | C6: - | D6: Given
A7: P(C̄|E) | B7: 0.5 | C7: - | D7: Given
A8: P(S|C̄) | B8: 0.2 | C8: - | D8: Given
A9: C | B9: 0.95 | C9: - | D9: Given
A10: R_HB | B10: =B5/(B6*B7*B8) -> 1e-05 | C10: 1/h | D10: Eq. 1
A11: E1 answer: τ (k = 0) | B11: =-LN(1-B9)/B10 -> 299573.23 | C11: h | D11: Eq. 2 → 299,573 h
A12: E2 answer: τ₁ (k = 1) | B12: =CHIINV(1-B9,4)/2/B10 -> 474386.45 | C12: h | D12: Eq. 3 → ≈ 474,386 h
A13: E2: cost vs k = 0 | B13: =B12/B11 -> 1.5835409 | C13: × | D13: ≈ 1.58
A14: E3 answer: τ(0.99)/τ(0.95) | B14: =LN(1-0.99)/LN(1-0.95) -> 1.5372436 | C14: × | D14: ≈ 1.54

Sheet Sensitivity
A1: Required failure-free hours τ = −ln(1−C) / R_HB
A2: Rows: tolerable rate R_HB. Columns: confidence C. Shows τ ∝ 1/R but only ∝ −ln(1−C).
A4: R_HB (1/h) \ C | B4: 0.5 | C4: 0.9 | D4: 0.95 | E4: 0.99 | F4: 0.999
A5: 0.0001 | B5: =-LN(1-B$4)/$A5 -> 6931.4718 | C5: =-LN(1-C$4)/$A5 -> 23025.851 | D5: =-LN(1-D$4)/$A5 -> 29957.323 | E5: =-LN(1-E$4)/$A5 -> 46051.702 | F5: =-LN(1-F$4)/$A5 -> 69077.553
A6: 1e-05 | B6: =-LN(1-B$4)/$A6 -> 69314.718 | C6: =-LN(1-C$4)/$A6 -> 230258.51 | D6: =-LN(1-D$4)/$A6 -> 299573.23 | E6: =-LN(1-E$4)/$A6 -> 460517.02 | F6: =-LN(1-F$4)/$A6 -> 690775.53
A7: 1e-06 | B7: =-LN(1-B$4)/$A7 -> 693147.18 | C7: =-LN(1-C$4)/$A7 -> 2302585.1 | D7: =-LN(1-D$4)/$A7 -> 2995732.3 | E7: =-LN(1-E$4)/$A7 -> 4605170.2 | F7: =-LN(1-F$4)/$A7 -> 6907755.3
A8: 1e-07 | B8: =-LN(1-B$4)/$A8 -> 6931471.8 | C8: =-LN(1-C$4)/$A8 -> 23025851 | D8: =-LN(1-D$4)/$A8 -> 29957323 | E8: =-LN(1-E$4)/$A8 -> 46051702 | F8: =-LN(1-F$4)/$A8 -> 69077553
A9: 1e-08 | B9: =-LN(1-B$4)/$A9 -> 69314718 | C9: =-LN(1-C$4)/$A9 -> 2.3025851e+08 | D9: =-LN(1-D$4)/$A9 -> 2.9957323e+08 | E9: =-LN(1-E$4)/$A9 -> 4.6051702e+08 | F9: =-LN(1-F$4)/$A9 -> 6.9077553e+08
A10: 1e-09 | B10: =-LN(1-B$4)/$A10 -> 6.9314718e+08 | C10: =-LN(1-C$4)/$A10 -> 2.3025851e+09 | D10: =-LN(1-D$4)/$A10 -> 2.9957323e+09 | E10: =-LN(1-E$4)/$A10 -> 4.6051702e+09 | F10: =-LN(1-F$4)/$A10 -> 6.9077553e+09

Sheet Assumptions & Sources
A1: What a passed test silently assumes
A2: Ask these of any validation-target result.
A4: 1. Homogeneous Poisson process: constant rate, independent events.
A5: 2. Representative exposure: test mix of conditions = deployed mix (per ODD stratum).
A6: 3. Frozen software: all hours on the release candidate, or an argued carry-over.
A7: 4. One behaviour per harm: if several HBs lead to H, rates add — allocate the budget (Bonferroni, Putze et al. Eq. 2).
A8: 5. Frequentist meaning: a system exactly at R passes with probability ≤ 1−C; not P(rate < R) = C without a stated prior.
A9: 6. Factors in Eq. 1 are system-dependent (route, ODD, fallback) and need their own justification.
A10: 7. k and τ are fixed before testing; extending after an observed event inflates the type-I error.
A12: Sources
A13: ISO 21448:2022, Clauses 6 and 9, Annex C.2–C.3 (licensed standard).
A14: Putze, Westhofen, Koopmann, Böde, Neurohr (2023). On Quantification for SOTIF Validation of Automated Driving Systems. arXiv:2304.10170
... A17: Schaller et al. (2026). Addressing SOTIF with a runtime monitor ensemble for AI-based perception systems. Discover AI 6:1172. doi:10.1007/s44163-026-02186-z
